paso,n,media,std,min,max,E_mejor_de_5,p20_mejor_de_5
250000,16,299.7,125.2,185.0,600.0,464.6,345.0
500000,16,209.1,31.3,150.0,285.0,243.8,225.0
750000,16,359.7,81.4,225.0,560.0,461.3,410.0
1000000,16,528.4,129.0,255.0,775.0,671.3,555.0
1250000,16,782.5,282.5,385.0,1275.0,1131.4,950.0
1500000,16,722.2,240.6,515.0,1285.0,1037.8,780.0
1750000,16,715.0,267.9,395.0,1360.0,1057.3,745.0
2000000,16,711.9,317.0,435.0,1730.0,1108.5,600.0
2250000,16,797.5,317.1,295.0,1430.0,1198.8,875.0
2500000,16,920.9,514.4,545.0,2460.0,1592.3,1105.0
2750000,16,750.6,313.9,515.0,1415.0,1148.4,640.0
3000000,16,903.1,365.8,545.0,1945.0,1355.6,1135.0
3250000,16,891.6,353.2,490.0,1395.0,1300.2,1230.0
3500000,16,853.4,355.0,540.0,1575.0,1301.1,1175.0
3750000,16,1103.4,399.5,485.0,1950.0,1544.0,1300.0
4000000,16,1020.3,331.5,540.0,1605.0,1394.1,1230.0
4250000,16,871.6,310.3,515.0,1200.0,1170.9,1180.0
4500000,16,1034.7,431.3,490.0,1945.0,1563.6,1275.0
4750000,16,1020.0,374.9,525.0,1590.0,1418.9,1235.0
5000000,16,1054.7,578.2,500.0,2665.0,1795.5,1375.0
5250000,16,1110.0,368.3,515.0,1805.0,1494.1,1400.0
5500000,16,1120.9,482.6,545.0,2550.0,1692.5,1230.0
5750000,16,1245.0,347.8,545.0,1920.0,1631.6,1355.0
6000000,16,1080.3,444.3,455.0,2005.0,1620.9,1325.0
6250000,16,1057.5,477.2,540.0,2150.0,1638.4,1230.0
6500000,16,1165.6,547.4,545.0,2780.0,1824.3,1370.0
6750000,16,1260.0,234.1,745.0,1905.0,1536.1,1345.0
7000000,16,1566.9,600.1,515.0,2400.0,2176.5,1975.0
7250000,16,1264.1,488.3,525.0,2425.0,1845.4,1385.0
7500000,16,1096.2,389.7,515.0,1890.0,1550.1,1375.0
7750000,16,1295.9,427.9,575.0,2200.0,1812.6,1430.0
8000000,16,1360.3,382.3,575.0,2035.0,1800.7,1575.0
8250000,16,1380.0,407.8,545.0,2375.0,1883.0,1435.0
8500000,16,1211.9,430.2,520.0,2385.0,1695.1,1345.0
8750000,16,1308.4,498.2,570.0,2435.0,1912.2,1400.0
9000000,16,1642.5,520.8,600.0,2455.0,2215.7,2030.0
9250000,16,1608.1,724.2,545.0,3335.0,2500.6,1830.0
9500000,16,1135.9,633.1,370.0,2670.0,1951.1,1400.0
9750000,16,1028.4,394.0,210.0,1730.0,1471.0,1290.0
10000000,16,1249.1,603.8,515.0,2430.0,1997.0,1630.0
