paso,minutos,fps,epsilon,perdida,q_medio,puntaje_medio_20,episodios
10000,0.1,1819,0.9901,0.0,0.0,140.9,16
20000,0.2,1682,0.9802,0.0,0.0,133.5,36
30000,0.3,1736,0.9703,0.0,0.0,139.8,57
40000,0.4,1731,0.9604,0.0,0.0,145.8,77
50000,0.5,1637,0.9505,0.0,0.0,127.0,98
60000,0.7,871,0.9406,0.00954,0.0158,182.2,117
70000,0.9,918,0.9307,0.00979,0.0479,196.5,134
80000,1.0,896,0.9208,0.00932,0.0642,195.2,153
90000,1.2,824,0.9109,0.0092,0.0903,155.0,169
100000,1.4,831,0.901,0.00925,0.1173,178.0,189
110000,1.7,807,0.8911,0.00912,0.1469,115.5,212
120000,1.9,717,0.8812,0.00919,0.1765,108.5,233
130000,2.1,755,0.8713,0.0093,0.208,147.5,253
140000,2.3,774,0.8614,0.0091,0.2489,149.2,273
150000,2.6,707,0.8515,0.00909,0.2746,131.8,289
160000,2.8,717,0.8416,0.00923,0.2972,186.5,309
170000,3.0,715,0.8317,0.00901,0.3188,133.0,329
180000,3.3,718,0.8218,0.00888,0.3349,158.0,348
190000,3.5,713,0.8119,0.00914,0.368,129.8,369
200000,3.7,715,0.802,0.00913,0.4011,127.2,387
210000,4.0,709,0.7921,0.00902,0.4232,152.8,408
220000,4.2,701,0.7822,0.00887,0.4339,184.5,426
230000,4.4,759,0.7723,0.00892,0.4607,179.2,446
240000,4.6,751,0.7624,0.00919,0.4754,135.2,466
250000,4.9,761,0.7525,0.00858,0.4872,180.0,487
260000,5.4,309,0.7426,0.00928,0.5092,178.0,506
270000,5.6,771,0.7327,0.00944,0.5368,214.0,524
280000,5.8,773,0.7228,0.01014,0.5658,163.5,543
290000,6.0,772,0.7129,0.01007,0.5898,160.5,565
300000,6.3,767,0.703,0.0102,0.6231,176.0,584
310000,6.5,766,0.6931,0.01021,0.6561,158.8,606
320000,6.7,746,0.6832,0.01042,0.6576,148.5,625
330000,6.9,765,0.6733,0.0104,0.6668,174.5,645
340000,7.1,759,0.6634,0.0106,0.6999,202.0,664
350000,7.4,762,0.6535,0.01067,0.7361,243.0,682
360000,7.6,761,0.6436,0.01086,0.7828,199.5,702
370000,7.8,761,0.6337,0.01076,0.8242,211.0,722
380000,8.0,757,0.6238,0.01124,0.8792,211.8,741
390000,8.2,756,0.6139,0.01084,0.9115,215.0,760
400000,8.5,758,0.604,0.01091,0.9337,153.2,777
410000,8.7,757,0.5941,0.0108,0.951,233.8,796
420000,8.9,758,0.5842,0.01096,0.9784,197.0,815
430000,9.1,754,0.5743,0.01105,1.0066,208.2,836
440000,9.3,752,0.5644,0.01053,1.0286,188.2,854
450000,9.6,750,0.5545,0.01061,1.0711,179.8,878
460000,9.8,756,0.5446,0.01063,1.1045,216.2,895
470000,10.0,750,0.5347,0.01088,1.1307,223.2,912
480000,10.2,759,0.5248,0.01144,1.187,194.2,933
490000,10.4,755,0.5149,0.01169,1.2431,212.5,952
500000,10.7,745,0.505,0.01181,1.2548,189.5,975
510000,11.1,361,0.4951,0.01137,1.2712,192.8,993
520000,11.3,757,0.4852,0.01189,1.3052,202.2,1015
530000,11.6,753,0.4753,0.01188,1.3771,201.8,1038
540000,11.8,764,0.4654,0.01194,1.3999,208.0,1057
550000,12.0,699,0.4555,0.01187,1.4101,216.8,1076
560000,12.3,704,0.4456,0.01165,1.447,187.8,1100
570000,12.5,705,0.4357,0.01182,1.4672,199.0,1120
580000,12.7,711,0.4258,0.01184,1.4921,238.5,1138
590000,13.0,730,0.4159,0.0121,1.5271,225.2,1157
600000,13.2,682,0.406,0.01217,1.5612,221.2,1176
610000,13.4,704,0.3961,0.01206,1.5996,227.8,1193
620000,13.7,746,0.3862,0.01227,1.6208,254.5,1213
630000,13.9,682,0.3763,0.0121,1.6399,237.5,1233
640000,14.2,686,0.3664,0.0117,1.6906,234.2,1253
650000,14.4,704,0.3565,0.01221,1.7177,225.5,1274
660000,14.6,704,0.3466,0.0121,1.7163,228.0,1294
670000,14.9,686,0.3367,0.01326,1.7093,292.5,1308
680000,15.1,683,0.3268,0.01313,1.728,294.2,1324
690000,15.4,688,0.3169,0.0137,1.7456,351.5,1341
700000,15.6,686,0.307,0.01418,1.7715,335.2,1355
710000,15.8,684,0.2971,0.01391,1.803,309.5,1371
720000,16.1,683,0.2872,0.01431,1.8303,323.8,1385
730000,16.3,681,0.2773,0.01457,1.8557,391.8,1398
740000,16.6,688,0.2674,0.01434,1.8605,436.5,1409
750000,16.8,690,0.2575,0.01453,1.8944,462.5,1422
760000,17.4,288,0.2476,0.01423,1.9017,421.0,1436
770000,17.6,707,0.2377,0.01373,1.9419,407.0,1445
780000,17.9,714,0.2278,0.0131,1.9336,455.2,1457
790000,18.1,702,0.2179,0.01338,1.9644,463.2,1471
800000,18.3,702,0.208,0.01365,1.9951,472.5,1485
810000,18.6,697,0.1981,0.01448,1.991,474.5,1496
820000,18.8,697,0.1882,0.0151,2.0414,457.8,1506
830000,19.1,690,0.1783,0.01535,2.0752,451.8,1521
840000,19.3,693,0.1684,0.01442,2.0895,453.8,1534
850000,19.5,673,0.1585,0.01479,2.1407,456.2,1546
860000,19.8,698,0.1486,0.01547,2.1741,480.0,1556
870000,20.0,694,0.1387,0.01585,2.1948,461.2,1569
880000,20.3,682,0.1288,0.01636,2.2224,463.5,1581
890000,20.5,683,0.1189,0.01679,2.2573,503.5,1594
900000,20.8,696,0.109,0.0171,2.2919,469.5,1606
910000,21.0,696,0.0991,0.01711,2.2881,452.8,1616
920000,21.2,693,0.0892,0.01659,2.3033,493.2,1631
930000,21.5,703,0.0793,0.01654,2.3225,426.8,1644
940000,21.7,691,0.0694,0.01632,2.2917,418.0,1654
950000,22.0,691,0.0595,0.0166,2.3159,489.0,1668
960000,22.2,671,0.0496,0.01642,2.3583,455.0,1680
970000,22.4,689,0.0397,0.01654,2.4229,441.8,1694
980000,22.7,695,0.0298,0.01744,2.4944,451.2,1702
990000,22.9,691,0.0199,0.01868,2.5338,528.0,1715
1000000,23.2,689,0.01,0.01757,2.5655,541.0,1724
1010000,23.8,250,0.01,0.01671,2.6074,584.0,1738
1020000,24.1,715,0.01,0.01626,2.6241,595.0,1746
1030000,24.3,713,0.01,0.01747,2.6589,594.8,1757
1040000,24.5,709,0.01,0.01806,2.6823,620.5,1768
1050000,24.8,706,0.01,0.01777,2.6969,546.8,1779
1060000,25.0,707,0.01,0.01885,2.7211,520.5,1789
1070000,25.2,702,0.01,0.01874,2.726,582.8,1800
1080000,25.5,695,0.01,0.01905,2.7435,617.5,1811
1090000,25.7,702,0.01,0.01822,2.7582,647.0,1821
1100000,25.9,764,0.01,0.0181,2.7835,645.8,1830
1110000,26.2,763,0.01,0.018,2.7899,589.5,1841
1120000,26.4,768,0.01,0.01852,2.8014,645.0,1850
1130000,26.6,767,0.01,0.01867,2.7883,687.5,1859
1140000,26.8,769,0.01,0.01917,2.7275,715.0,1866
1150000,27.0,745,0.01,0.01921,2.7491,654.5,1877
1160000,27.3,756,0.01,0.01912,2.7673,651.2,1885
1170000,27.5,769,0.01,0.0188,2.7854,700.8,1895
1180000,27.7,766,0.01,0.01751,2.7727,729.0,1905
1190000,27.9,755,0.01,0.01834,2.8009,641.0,1914
1200000,28.1,719,0.01,0.018,2.8442,673.5,1926
1210000,28.4,762,0.01,0.01801,2.8548,692.5,1935
1220000,28.6,765,0.01,0.01817,2.8692,636.2,1945
1230000,28.8,761,0.01,0.01837,2.9172,655.0,1954
1240000,29.0,763,0.01,0.01882,2.9327,662.5,1966
1250000,29.2,767,0.01,0.01896,2.9767,669.8,1974
1260000,29.9,249,0.01,0.01885,2.9864,734.2,1984
1270000,30.1,794,0.01,0.01865,3.0075,633.2,1996
1280000,30.3,789,0.01,0.0195,3.0238,641.0,2007
1290000,30.5,781,0.01,0.01949,3.0419,631.0,2019
1300000,30.7,778,0.01,0.01826,3.0976,598.0,2027
1310000,31.0,775,0.01,0.01871,3.1228,628.2,2039
1320000,31.2,771,0.01,0.01914,3.1279,602.8,2051
1330000,31.4,772,0.01,0.01916,3.175,652.2,2061
1340000,31.6,771,0.01,0.01949,3.2082,676.5,2069
1350000,31.8,761,0.01,0.01841,3.2337,739.8,2077
1360000,32.1,737,0.01,0.01947,3.2035,771.2,2085
1370000,32.3,763,0.01,0.01942,3.1894,783.5,2097
1380000,32.5,765,0.01,0.01835,3.2025,738.8,2105
1390000,32.7,764,0.01,0.01937,3.219,740.2,2115
1400000,32.9,766,0.01,0.01827,3.2658,694.0,2125
1410000,33.1,767,0.01,0.01854,3.2902,608.2,2136
1420000,33.4,763,0.01,0.01862,3.3239,641.5,2146
1430000,33.6,764,0.01,0.01874,3.3554,688.5,2155
1440000,33.8,764,0.01,0.0189,3.365,709.2,2167
1450000,34.0,765,0.01,0.01873,3.405,620.8,2178
1460000,34.2,766,0.01,0.0187,3.4243,603.8,2188
1470000,34.5,763,0.01,0.01921,3.4179,647.0,2200
1480000,34.7,760,0.01,0.01969,3.4356,642.8,2209
1490000,34.9,730,0.01,0.01916,3.4159,617.5,2223
1500000,35.1,762,0.01,0.01919,3.4875,625.0,2231
1510000,35.7,277,0.01,0.01987,3.4999,659.5,2239
1520000,36.0,711,0.01,0.01948,3.5063,851.2,2248
1530000,36.2,708,0.01,0.01933,3.5099,787.0,2258
1540000,36.4,715,0.01,0.01836,3.5349,716.2,2267
1550000,36.7,716,0.01,0.01825,3.5129,707.8,2276
1560000,36.9,706,0.01,0.0179,3.5153,692.2,2285
1570000,37.1,699,0.01,0.01826,3.5326,756.0,2291
1580000,37.4,697,0.01,0.01847,3.5492,898.2,2302
1590000,37.6,706,0.01,0.01917,3.5575,842.8,2311
1600000,37.8,705,0.01,0.0187,3.5498,750.8,2319
1610000,38.1,693,0.01,0.01838,3.5247,788.0,2327
1620000,38.3,695,0.01,0.01857,3.5422,794.8,2339
1630000,38.6,697,0.01,0.01857,3.5557,721.2,2347
1640000,38.8,691,0.01,0.01827,3.5761,737.2,2355
1650000,39.0,687,0.01,0.01882,3.6064,730.0,2365
1660000,39.3,686,0.01,0.01895,3.6523,728.2,2376
1670000,39.5,682,0.01,0.01781,3.6672,670.2,2387
1680000,39.8,689,0.01,0.01757,3.659,659.0,2397
1690000,40.0,690,0.01,0.0176,3.6781,709.0,2407
1700000,40.3,686,0.01,0.01747,3.705,657.2,2420
1710000,40.5,689,0.01,0.01771,3.6916,577.5,2430
1720000,40.7,691,0.01,0.01717,3.7076,723.5,2440
1730000,41.0,690,0.01,0.01744,3.7596,725.0,2451
1740000,41.2,693,0.01,0.01772,3.7922,625.0,2461
1750000,41.5,686,0.01,0.0182,3.7923,726.0,2470
1760000,42.2,244,0.01,0.01788,3.7607,756.0,2482
1770000,42.4,719,0.01,0.0178,3.7656,672.2,2491
1780000,42.6,713,0.01,0.01794,3.7575,740.8,2503
1790000,42.8,718,0.01,0.01777,3.7595,725.8,2510
1800000,43.1,697,0.01,0.01764,3.7346,647.8,2523
1810000,43.3,708,0.01,0.01746,3.7312,678.0,2531
1820000,43.6,700,0.01,0.01756,3.7504,691.0,2544
1830000,43.8,707,0.01,0.01847,3.7721,681.5,2551
1840000,44.0,706,0.01,0.01932,3.7659,713.2,2564
1850000,44.3,709,0.01,0.01851,3.7538,711.5,2569
1860000,44.5,746,0.01,0.01806,3.7822,729.5,2580
1870000,44.7,769,0.01,0.01893,3.7733,770.2,2592
1880000,44.9,767,0.01,0.01816,3.8066,749.8,2602
1890000,45.1,764,0.01,0.01923,3.8484,722.0,2612
1900000,45.4,758,0.01,0.01854,3.8792,745.8,2621
1910000,45.6,602,0.01,0.01973,3.9085,777.0,2632
1920000,45.9,751,0.01,0.0189,3.9638,755.8,2644
1930000,46.1,620,0.01,0.01921,3.9512,737.5,2652
1940000,46.4,669,0.01,0.01878,3.9492,725.5,2663
1950000,46.6,630,0.01,0.01832,3.9294,764.8,2673
1960000,46.9,725,0.01,0.01912,3.9464,772.2,2682
1970000,47.1,726,0.01,0.01994,3.9607,747.5,2694
1980000,47.3,780,0.01,0.01954,3.9943,723.5,2703
1990000,47.5,764,0.01,0.01933,4.0381,645.2,2715
2000000,47.8,766,0.01,0.01871,4.076,702.0,2725
2010000,48.4,261,0.01,0.0187,4.0877,685.0,2735
2020000,48.6,775,0.01,0.01975,4.0784,714.2,2747
2030000,48.8,786,0.01,0.01978,4.0963,775.5,2758
2040000,49.0,782,0.01,0.01956,4.118,711.8,2766
2050000,49.2,785,0.01,0.01963,4.1447,715.8,2778
2060000,49.5,778,0.01,0.0198,4.1881,719.5,2787
2070000,49.7,779,0.01,0.0191,4.1729,702.8,2798
2080000,49.9,780,0.01,0.01958,4.1874,747.2,2806
2090000,50.1,771,0.01,0.0189,4.1961,750.0,2814
2100000,50.3,775,0.01,0.01897,4.2059,777.8,2825
2110000,50.5,771,0.01,0.01923,4.212,771.2,2835
2120000,50.7,778,0.01,0.01929,4.2152,674.5,2846
2130000,51.0,770,0.01,0.01858,4.2031,639.8,2857
2140000,51.2,771,0.01,0.01793,4.1975,691.8,2864
2150000,51.4,772,0.01,0.01893,4.2062,756.0,2877
2160000,51.6,766,0.01,0.01941,4.1744,726.8,2885
2170000,51.8,768,0.01,0.01915,4.207,696.0,2895
2180000,52.0,768,0.01,0.01948,4.2184,655.2,2907
2190000,52.3,769,0.01,0.01994,4.2232,656.2,2916
2200000,52.5,772,0.01,0.01953,4.2226,718.8,2923
2210000,52.7,773,0.01,0.01982,4.2027,847.0,2933
2220000,52.9,774,0.01,0.01916,4.1646,820.5,2943
2230000,53.1,774,0.01,0.01963,4.1573,704.2,2953
2240000,53.3,770,0.01,0.0193,4.1427,726.8,2963
2250000,53.6,772,0.01,0.01934,4.1588,802.2,2972
2260000,54.1,291,0.01,0.01925,4.1839,825.8,2981
2270000,54.3,790,0.01,0.01907,4.2332,757.2,2991
2280000,54.6,795,0.01,0.02027,4.2474,768.0,3000
2290000,54.8,787,0.01,0.02086,4.2465,789.5,3009
2300000,55.0,786,0.01,0.01978,4.2458,743.5,3021
2310000,55.2,782,0.01,0.02022,4.2496,727.8,3028
2320000,55.4,780,0.01,0.01975,4.2587,796.0,3038
2330000,55.6,777,0.01,0.02028,4.2662,815.5,3048
2340000,55.8,780,0.01,0.01969,4.3221,716.0,3057
2350000,56.0,777,0.01,0.01968,4.3211,727.8,3067
2360000,56.3,776,0.01,0.02003,4.3662,813.0,3074
2370000,56.5,775,0.01,0.02036,4.3962,778.2,3086
2380000,56.7,777,0.01,0.02067,4.4249,791.5,3094
2390000,56.9,779,0.01,0.02017,4.3957,742.0,3106
2400000,57.1,706,0.01,0.02079,4.3905,617.5,3117
2410000,57.4,716,0.01,0.02118,4.3664,660.5,3125
2420000,57.6,712,0.01,0.0207,4.3916,762.0,3137
2430000,57.8,715,0.01,0.02091,4.3946,652.0,3149
2440000,58.1,714,0.01,0.021,4.3721,616.2,3160
2450000,58.3,692,0.01,0.0205,4.3653,660.0,3170
2460000,58.6,706,0.01,0.02043,4.3961,679.2,3181
2470000,58.8,706,0.01,0.02048,4.3826,681.5,3193
2480000,59.0,691,0.01,0.02057,4.4172,708.2,3203
2490000,59.3,703,0.01,0.02037,4.3844,704.5,3212
2500000,59.5,710,0.01,0.02022,4.3524,730.8,3216
2510000,60.4,183,0.01,0.02049,4.3019,873.2,3226
2520000,60.6,737,0.01,0.01938,4.3248,970.8,3232
2530000,60.9,727,0.01,0.01978,4.3566,891.0,3244
2540000,61.1,716,0.01,0.02016,4.3902,731.8,3253
2550000,61.3,719,0.01,0.0207,4.3818,745.5,3263
2560000,61.6,722,0.01,0.02016,4.3717,818.8,3270
2570000,61.8,716,0.01,0.02041,4.379,869.0,3279
2580000,62.0,687,0.01,0.01899,4.3917,737.8,3289
2590000,62.3,664,0.01,0.02004,4.3886,778.5,3299
2600000,62.5,663,0.01,0.01989,4.3719,854.8,3307
2610000,62.8,663,0.01,0.01991,4.3493,823.5,3316
2620000,63.0,661,0.01,0.02048,4.3599,743.5,3326
2630000,63.3,678,0.01,0.01967,4.3549,699.0,3336
2640000,63.5,707,0.01,0.02016,4.3878,754.0,3346
2650000,63.8,711,0.01,0.01994,4.4033,765.8,3357
2660000,64.0,707,0.01,0.0198,4.4183,817.8,3365
2670000,64.2,702,0.01,0.01962,4.4355,835.8,3376
2680000,64.5,704,0.01,0.0205,4.452,718.5,3386
2690000,64.7,711,0.01,0.02096,4.4262,598.5,3400
2700000,64.9,710,0.01,0.01903,4.4092,675.5,3409
2710000,65.2,708,0.01,0.01982,4.4023,635.0,3422
2720000,65.4,715,0.01,0.01954,4.4116,581.8,3431
2730000,65.6,711,0.01,0.01999,4.4167,719.5,3440
2740000,65.9,711,0.01,0.01953,4.4552,798.8,3448
2750000,66.1,713,0.01,0.01891,4.4158,828.8,3457
2760000,66.8,251,0.01,0.01891,4.3915,840.0,3466
2770000,67.0,711,0.01,0.01985,4.3824,792.0,3477
2780000,67.2,724,0.01,0.01947,4.4054,821.2,3486
2790000,67.5,721,0.01,0.01902,4.4015,859.8,3494
2800000,67.7,720,0.01,0.01928,4.4181,825.0,3504
2810000,67.9,717,0.01,0.01819,4.3868,845.5,3512
2820000,68.2,714,0.01,0.0192,4.4004,879.2,3522
2830000,68.4,714,0.01,0.01996,4.412,848.2,3529
2840000,68.6,713,0.01,0.02041,4.4117,833.2,3538
2850000,68.9,714,0.01,0.01951,4.4323,806.0,3550
2860000,69.1,717,0.01,0.02012,4.4275,794.5,3558
2870000,69.3,712,0.01,0.02028,4.4205,832.5,3567
2880000,69.6,716,0.01,0.01996,4.4055,841.0,3577
2890000,69.8,714,0.01,0.01923,4.3909,791.8,3584
2900000,70.0,711,0.01,0.01972,4.3932,904.0,3593
2910000,70.3,711,0.01,0.01932,4.4247,888.5,3599
2920000,70.5,709,0.01,0.02055,4.4396,995.2,3609
2930000,70.7,709,0.01,0.02014,4.4382,896.0,3618
2940000,71.0,701,0.01,0.01939,4.4337,680.0,3629
2950000,71.2,706,0.01,0.01984,4.451,711.2,3636
2960000,71.4,714,0.01,0.01964,4.4509,862.2,3644
2970000,71.7,708,0.01,0.01935,4.4715,951.0,3652
2980000,71.9,706,0.01,0.0197,4.4968,1016.8,3659
2990000,72.2,702,0.01,0.0204,4.5167,965.2,3668
3000000,72.4,709,0.01,0.02036,4.5355,893.5,3675
3010000,73.1,243,0.01,0.02081,4.5078,911.8,3685
3020000,73.3,728,0.01,0.02023,4.5184,930.0,3695
3030000,73.5,718,0.01,0.02003,4.503,852.8,3704
3040000,73.8,724,0.01,0.02081,4.523,906.2,3711
3050000,74.0,722,0.01,0.02072,4.5418,968.5,3722
3060000,74.2,718,0.01,0.02224,4.5545,890.8,3729
3070000,74.5,710,0.01,0.02238,4.5721,768.5,3742
3080000,74.7,714,0.01,0.02115,4.5642,713.0,3750
3090000,74.9,715,0.01,0.02134,4.538,773.5,3756
3100000,75.2,720,0.01,0.0221,4.5549,867.8,3766
3110000,75.4,712,0.01,0.02273,4.5597,794.0,3775
3120000,75.6,716,0.01,0.02143,4.564,802.2,3783
3130000,75.9,715,0.01,0.02208,4.5823,838.8,3792
3140000,76.1,707,0.01,0.02097,4.5629,945.5,3800
3150000,76.3,699,0.01,0.02123,4.5858,946.8,3808
3160000,76.6,710,0.01,0.0209,4.5976,957.2,3814
3170000,76.8,707,0.01,0.02238,4.628,1020.5,3824
3180000,77.0,709,0.01,0.02289,4.6601,1001.0,3832
3190000,77.3,703,0.01,0.02259,4.6655,839.0,3841
3200000,77.5,710,0.01,0.02227,4.6661,843.5,3848
3210000,77.7,712,0.01,0.0221,4.6761,916.8,3857
3220000,78.0,712,0.01,0.02152,4.6821,838.0,3866
3230000,78.2,704,0.01,0.02222,4.6509,790.2,3876
3240000,78.5,712,0.01,0.0223,4.6528,795.2,3882
3250000,78.7,703,0.01,0.02262,4.6411,865.2,3891
3260000,79.5,218,0.01,0.02141,4.6405,940.2,3899
3270000,79.7,735,0.01,0.02119,4.6781,1008.2,3905
3280000,79.9,729,0.01,0.02296,4.719,920.5,3916
3290000,80.1,727,0.01,0.02308,4.7481,856.5,3923
3300000,80.4,720,0.01,0.02339,4.7579,923.8,3933
3310000,80.6,714,0.01,0.02374,4.7625,974.5,3940
3320000,80.8,718,0.01,0.02292,4.7545,925.2,3948
3330000,81.1,717,0.01,0.0232,4.7513,787.5,3960
3340000,81.3,717,0.01,0.02302,4.7878,814.5,3968
3350000,81.5,704,0.01,0.02231,4.7841,827.8,3976
3360000,81.8,709,0.01,0.02242,4.7814,959.0,3986
3370000,82.0,687,0.01,0.02338,4.7829,922.2,3994
3380000,82.3,698,0.01,0.0223,4.7487,879.0,4003
3390000,82.5,700,0.01,0.02215,4.7416,928.2,4011
3400000,82.7,711,0.01,0.02199,4.7547,846.0,4022
3410000,83.0,709,0.01,0.02168,4.7599,813.5,4030
3420000,83.2,710,0.01,0.02223,4.7832,834.2,4037
3430000,83.4,713,0.01,0.02204,4.7865,1032.2,4046
3440000,83.7,703,0.01,0.02197,4.7977,1026.5,4053
3450000,83.9,713,0.01,0.02179,4.7958,953.5,4063
3460000,84.1,702,0.01,0.02364,4.829,930.2,4069
3470000,84.4,707,0.01,0.02325,4.8369,960.8,4078
3480000,84.6,713,0.01,0.02384,4.8566,976.2,4087
3490000,84.8,714,0.01,0.02278,4.8485,893.0,4095
3500000,85.1,707,0.01,0.0226,4.8621,839.0,4105
3510000,85.8,236,0.01,0.02256,4.8553,900.0,4112
3520000,86.0,730,0.01,0.02312,4.8874,897.8,4121
3530000,86.2,726,0.01,0.02297,4.8955,945.0,4128
3540000,86.5,722,0.01,0.0216,4.8998,863.2,4139
3550000,86.7,711,0.01,0.02197,4.9243,750.5,4150
3560000,86.9,710,0.01,0.02345,4.9466,749.8,4158
3570000,87.2,707,0.01,0.02328,4.9643,815.2,4165
3580000,87.4,715,0.01,0.0235,4.9646,997.2,4173
3590000,87.6,715,0.01,0.02223,5.0257,1056.0,4180
3600000,87.9,710,0.01,0.02278,5.037,992.0,4187
3610000,88.1,706,0.01,0.0221,5.0086,1044.2,4194
3620000,88.3,714,0.01,0.02264,5.0154,1114.0,4201
3630000,88.6,713,0.01,0.0226,5.059,1044.5,4210
3640000,88.8,711,0.01,0.02279,5.0663,1015.2,4217
3650000,89.0,716,0.01,0.02161,5.0861,986.0,4224
3660000,89.3,709,0.01,0.0224,5.0584,1026.0,4231
3670000,89.5,709,0.01,0.02296,5.0683,938.8,4241
3680000,89.8,704,0.01,0.02197,5.0537,903.5,4248
3690000,90.0,703,0.01,0.02269,5.08,903.8,4255
3700000,90.2,711,0.01,0.02322,5.0836,1107.5,4264
3710000,90.5,709,0.01,0.02353,5.1011,1051.2,4273
3720000,90.7,704,0.01,0.02268,5.1071,904.2,4280
3730000,90.9,706,0.01,0.02273,5.1326,976.2,4287
3740000,91.2,703,0.01,0.02382,5.111,1008.0,4296
3750000,91.4,709,0.01,0.02305,5.1021,993.0,4303
3760000,92.1,233,0.01,0.02293,5.1206,933.0,4309
3770000,92.4,715,0.01,0.02298,5.1254,937.2,4319
3780000,92.6,723,0.01,0.02282,5.0955,935.0,4326
3790000,92.8,717,0.01,0.02198,5.1083,908.0,4335
3800000,93.0,717,0.01,0.02299,5.1345,956.5,4343
3810000,93.3,703,0.01,0.02333,5.1783,888.5,4350
3820000,93.5,708,0.01,0.02316,5.1678,874.5,4360
3830000,93.8,709,0.01,0.02321,5.1798,870.2,4366
3840000,94.0,702,0.01,0.02439,5.1594,932.5,4373
3850000,94.2,706,0.01,0.02401,5.1804,1029.2,4380
3860000,94.5,704,0.01,0.02273,5.2087,1022.0,4390
3870000,94.7,705,0.01,0.02306,5.1942,885.8,4397
3880000,94.9,708,0.01,0.02386,5.1863,903.0,4406
3890000,95.2,703,0.01,0.02353,5.2089,1040.0,4412
3900000,95.4,709,0.01,0.02381,5.2261,1099.2,4418
3910000,95.6,705,0.01,0.02348,5.2115,978.2,4429
3920000,95.9,708,0.01,0.02337,5.2176,906.2,4437
3930000,96.1,704,0.01,0.02407,5.2166,873.2,4444
3940000,96.4,708,0.01,0.02295,5.2476,946.5,4452
3950000,96.6,702,0.01,0.02504,5.2653,987.0,4460
3960000,96.8,703,0.01,0.02522,5.2782,1029.0,4469
3970000,97.1,680,0.01,0.02438,5.2757,985.5,4475
3980000,97.3,695,0.01,0.02353,5.2499,968.5,4485
3990000,97.6,706,0.01,0.02359,5.2739,1008.8,4491
4000000,97.8,699,0.01,0.02294,5.2989,1032.8,4500
4010000,98.5,231,0.01,0.02235,5.3293,925.8,4509
4020000,98.7,714,0.01,0.02352,5.3209,829.2,4517
4030000,99.0,720,0.01,0.02398,5.3022,897.2,4525
4040000,99.2,718,0.01,0.02405,5.2786,893.5,4532
4050000,99.4,718,0.01,0.02339,5.2952,947.8,4539
4060000,99.7,706,0.01,0.0235,5.2996,941.2,4548
4070000,99.9,712,0.01,0.02277,5.273,980.8,4555
4080000,100.1,714,0.01,0.02399,5.2946,932.5,4564
4090000,100.4,706,0.01,0.02151,5.3109,1006.2,4574
4100000,100.6,707,0.01,0.02189,5.3292,860.8,4578
4110000,100.9,702,0.01,0.02143,5.308,870.2,4591
4120000,101.1,714,0.01,0.02172,5.2916,887.5,4599
4130000,101.3,704,0.01,0.02259,5.2717,858.0,4608
4140000,101.6,705,0.01,0.02149,5.275,873.2,4616
4150000,101.8,691,0.01,0.02143,5.2509,857.5,4625
4160000,102.0,707,0.01,0.02263,5.2716,853.8,4633
4170000,102.3,700,0.01,0.02244,5.3032,818.2,4641
4180000,102.5,704,0.01,0.02372,5.295,886.0,4650
4190000,102.7,701,0.01,0.02339,5.3147,984.2,4658
4200000,103.0,703,0.01,0.02407,5.325,922.5,4665
4210000,103.2,702,0.01,0.02272,5.3079,829.5,4676
4220000,103.5,708,0.01,0.0233,5.3156,856.0,4682
4230000,103.7,695,0.01,0.0213,5.332,872.0,4693
4240000,103.9,702,0.01,0.02307,5.3313,850.5,4699
4250000,104.2,700,0.01,0.02303,5.3206,887.5,4708
4260000,104.9,231,0.01,0.02422,5.3292,1012.0,4714
4270000,105.1,725,0.01,0.02209,5.354,1094.2,4722
4280000,105.4,714,0.01,0.02292,5.3573,1031.8,4732
4290000,105.6,670,0.01,0.02325,5.3535,905.5,4738
4300000,105.8,715,0.01,0.02358,5.3472,859.0,4747
4310000,106.1,715,0.01,0.0235,5.3426,976.8,4756
4320000,106.3,704,0.01,0.02238,5.3293,950.8,4762
4330000,106.5,717,0.01,0.02298,5.3645,1002.8,4768
4340000,106.8,704,0.01,0.02293,5.3471,1061.0,4778
4350000,107.0,707,0.01,0.02164,5.346,944.8,4786
4360000,107.3,702,0.01,0.02274,5.3462,837.5,4795
4370000,107.5,707,0.01,0.02215,5.3458,920.8,4803
4380000,107.7,709,0.01,0.02243,5.342,871.0,4811
4390000,108.0,704,0.01,0.02248,5.3755,938.8,4819
4400000,108.2,708,0.01,0.02346,5.3695,863.8,4827
4410000,108.4,708,0.01,0.0219,5.3778,915.8,4835
4420000,108.7,705,0.01,0.02171,5.4053,957.5,4843
4430000,108.9,709,0.01,0.02236,5.3982,968.5,4852
4440000,109.1,707,0.01,0.02331,5.3968,839.5,4860
4450000,109.4,707,0.01,0.02354,5.3989,917.0,4869
4460000,109.6,709,0.01,0.02193,5.4209,906.8,4874
4470000,109.8,707,0.01,0.02283,5.448,1049.8,4882
4480000,110.1,705,0.01,0.02249,5.46,1046.2,4891
4490000,110.3,705,0.01,0.02186,5.4492,941.5,4898
4500000,110.6,705,0.01,0.02114,5.4238,1035.5,4905
4510000,111.3,224,0.01,0.02115,5.4179,1085.0,4912
4520000,111.5,728,0.01,0.02207,5.4252,1171.2,4918
4530000,111.8,726,0.01,0.02121,5.4,1101.0,4928
4540000,112.0,715,0.01,0.02282,5.4311,1047.0,4934
4550000,112.2,694,0.01,0.0216,5.4472,935.0,4946
4560000,112.5,717,0.01,0.02123,5.4397,854.0,4953
4570000,112.7,716,0.01,0.02119,5.4495,902.5,4961
4580000,112.9,711,0.01,0.02144,5.4662,917.5,4969
4590000,113.2,718,0.01,0.02222,5.4544,797.8,4976
4600000,113.4,708,0.01,0.02231,5.4848,1003.0,4983
4610000,113.6,705,0.01,0.02224,5.5109,1085.2,4991
4620000,113.9,713,0.01,0.02167,5.465,1025.5,5000
4630000,114.1,710,0.01,0.02217,5.4818,948.0,5007
4640000,114.3,718,0.01,0.02248,5.4846,946.2,5014
4650000,114.6,708,0.01,0.02246,5.5066,1014.8,5019
4660000,114.8,700,0.01,0.0219,5.5026,1083.0,5028
4670000,115.0,706,0.01,0.02282,5.492,1082.5,5035
4680000,115.3,710,0.01,0.02174,5.4937,1021.2,5043
4690000,115.5,707,0.01,0.02188,5.5083,977.2,5049
4700000,115.8,704,0.01,0.02346,5.5437,1000.8,5057
4710000,116.0,704,0.01,0.02248,5.5508,1039.2,5067
4720000,116.2,712,0.01,0.02211,5.5344,1029.2,5071
4730000,116.5,702,0.01,0.0231,5.5698,1056.0,5080
4740000,116.7,704,0.01,0.02271,5.5681,1059.2,5085
4750000,116.9,710,0.01,0.02245,5.5757,1171.2,5093
4760000,117.7,222,0.01,0.02164,5.5544,1151.0,5101
4770000,117.9,717,0.01,0.02188,5.5622,1015.2,5108
4780000,118.1,722,0.01,0.02136,5.5507,1143.2,5115
4790000,118.4,724,0.01,0.02186,5.5171,1113.8,5122
4800000,118.6,717,0.01,0.02286,5.5409,1031.8,5131
4810000,118.8,711,0.01,0.02288,5.5512,888.5,5140
4820000,119.1,699,0.01,0.02221,5.567,935.2,5146
4830000,119.3,719,0.01,0.02307,5.5583,996.5,5152
4840000,119.5,715,0.01,0.02246,5.5616,1177.8,5159
4850000,119.8,718,0.01,0.02382,5.5985,1272.2,5165
4860000,120.0,713,0.01,0.02297,5.5866,1207.5,5171
4870000,120.2,711,0.01,0.02328,5.5532,1026.0,5181
4880000,120.5,711,0.01,0.02492,5.6032,912.2,5189
4890000,120.7,699,0.01,0.02375,5.6042,914.0,5198
4900000,121.0,710,0.01,0.02341,5.6052,898.2,5206
4910000,121.2,704,0.01,0.02379,5.6256,938.2,5213
4920000,121.4,707,0.01,0.0233,5.6123,1040.8,5221
4930000,121.7,706,0.01,0.02462,5.6233,1023.5,5228
4940000,121.9,707,0.01,0.02381,5.6322,1028.5,5237
4950000,122.1,684,0.01,0.02328,5.6717,1051.5,5241
4960000,122.4,678,0.01,0.02382,5.6549,1151.0,5248
4970000,122.6,707,0.01,0.02288,5.6565,1225.8,5255
4980000,122.9,708,0.01,0.02338,5.6423,1120.0,5261
4990000,123.1,707,0.01,0.02294,5.6701,1127.0,5268
5000000,123.3,705,0.01,0.02376,5.664,1148.2,5276
5010000,124.2,202,0.01,0.02308,5.652,1242.8,5282
5020000,124.4,726,0.01,0.02347,5.6142,1088.2,5291
5030000,124.6,724,0.01,0.02325,5.6241,960.8,5298
5040000,124.8,725,0.01,0.02315,5.6306,1032.5,5306
5050000,125.1,720,0.01,0.02303,5.6307,1147.2,5311
5060000,125.3,719,0.01,0.0232,5.6382,1017.8,5321
5070000,125.5,714,0.01,0.02217,5.6361,938.2,5329
5080000,125.8,714,0.01,0.02224,5.6454,932.2,5335
5090000,126.0,715,0.01,0.02312,5.6438,962.0,5342
5100000,126.2,714,0.01,0.02288,5.6377,989.0,5349
5110000,126.5,715,0.01,0.02432,5.6437,956.5,5360
5120000,126.7,707,0.01,0.02421,5.639,906.0,5370
5130000,126.9,715,0.01,0.02274,5.6514,775.0,5376
5140000,127.2,694,0.01,0.02409,5.6793,944.5,5384
5150000,127.4,698,0.01,0.0242,5.669,1066.8,5392
5160000,127.7,708,0.01,0.02377,5.6656,1107.8,5398
5170000,127.9,709,0.01,0.0238,5.6875,1194.5,5404
5180000,128.1,706,0.01,0.02437,5.6905,1185.5,5412
5190000,128.4,710,0.01,0.02383,5.6678,1180.5,5419
5200000,128.6,707,0.01,0.02252,5.6913,918.8,5430
5210000,128.8,707,0.01,0.02338,5.7015,927.0,5438
5220000,129.1,704,0.01,0.0242,5.7353,933.5,5445
5230000,129.3,704,0.01,0.02408,5.7245,1019.5,5450
5240000,129.5,707,0.01,0.02302,5.7657,1065.2,5458
5250000,129.8,702,0.01,0.02363,5.7521,1200.5,5465
5260000,130.5,226,0.01,0.02326,5.7291,1164.0,5470
5270000,130.7,721,0.01,0.02333,5.7709,1237.2,5477
5280000,131.0,721,0.01,0.0229,5.7662,1069.8,5485
5290000,131.2,719,0.01,0.02314,5.7805,1028.0,5494
5300000,131.4,719,0.01,0.02384,5.7864,961.0,5499
5310000,131.7,707,0.01,0.02395,5.7764,1099.5,5507
5320000,131.9,712,0.01,0.02365,5.7583,1058.0,5515
5330000,132.1,702,0.01,0.02311,5.7468,1082.8,5523
5340000,132.4,708,0.01,0.02309,5.7629,1018.8,5532
5350000,132.6,708,0.01,0.02242,5.6947,929.5,5541
5360000,132.9,702,0.01,0.02301,5.7216,921.2,5546
5370000,133.1,708,0.01,0.02217,5.7361,1068.5,5553
5380000,133.3,702,0.01,0.02352,5.7659,1177.5,5562
5390000,133.6,707,0.01,0.02383,5.7732,937.2,5571
5400000,133.8,706,0.01,0.02404,5.7638,907.8,5578
5410000,134.0,704,0.01,0.02354,5.7722,928.8,5584
5420000,134.3,710,0.01,0.02158,5.7614,1057.5,5591
5430000,134.5,709,0.01,0.02279,5.7532,1117.8,5597
5440000,134.7,709,0.01,0.02243,5.7566,1184.0,5605
5450000,135.0,711,0.01,0.02247,5.7895,1019.8,5614
5460000,135.2,712,0.01,0.02333,5.7967,1047.8,5620
5470000,135.4,706,0.01,0.02345,5.7712,897.2,5631
5480000,135.7,704,0.01,0.02298,5.764,869.8,5639
5490000,135.9,702,0.01,0.02425,5.8301,875.5,5647
5500000,136.2,691,0.01,0.02437,5.7933,991.5,5653
5510000,136.9,223,0.01,0.02284,5.7675,1121.8,5659
5520000,137.1,717,0.01,0.02296,5.7598,1172.2,5668
5530000,137.4,723,0.01,0.0241,5.7786,1156.2,5675
5540000,137.6,722,0.01,0.02348,5.787,1042.8,5683
5550000,137.8,711,0.01,0.0232,5.7827,1094.2,5690
5560000,138.1,712,0.01,0.02428,5.8158,1111.0,5697
5570000,138.3,710,0.01,0.02375,5.8845,1309.0,5704
5580000,138.5,709,0.01,0.0237,5.8737,1220.8,5709
5590000,138.8,708,0.01,0.0234,5.8773,1117.8,5717
5600000,139.0,702,0.01,0.0234,5.8668,993.2,5724
5610000,139.3,706,0.01,0.02349,5.8953,1079.2,5730
5620000,139.5,708,0.01,0.02403,5.9284,1075.0,5739
5630000,139.7,711,0.01,0.02378,5.9243,1105.8,5745
5640000,140.0,701,0.01,0.02399,5.9044,995.0,5754
5650000,140.2,705,0.01,0.02375,5.9031,1029.2,5761
5660000,140.4,700,0.01,0.02273,5.9036,967.0,5768
5670000,140.7,706,0.01,0.02317,5.9083,1071.5,5776
5680000,140.9,709,0.01,0.02403,5.9224,1062.2,5781
5690000,141.1,702,0.01,0.0248,5.9309,1184.0,5789
5700000,141.4,705,0.01,0.02381,5.9016,1226.8,5792
5710000,141.6,713,0.01,0.02314,5.8987,1223.2,5801
5720000,141.8,707,0.01,0.02374,5.9185,1164.5,5808
5730000,142.1,690,0.01,0.02284,5.9073,1172.0,5814
5740000,142.3,690,0.01,0.02424,5.9081,1188.0,5821
5750000,142.6,710,0.01,0.02417,5.8906,1094.2,5829
5760000,143.3,217,0.01,0.02375,5.9125,1030.8,5836
5770000,143.6,733,0.01,0.02456,5.9259,1041.0,5842
5780000,143.8,730,0.01,0.02355,5.9614,1076.5,5849
5790000,144.0,725,0.01,0.02362,5.9918,1244.5,5856
5800000,144.2,722,0.01,0.02401,6.0173,1168.0,5864
5810000,144.5,711,0.01,0.02512,6.0336,1141.8,5871
5820000,144.7,718,0.01,0.0246,6.0344,1034.0,5876
5830000,144.9,713,0.01,0.02487,6.0198,1096.2,5882
5840000,145.2,713,0.01,0.02424,6.0219,1071.5,5892
5850000,145.4,707,0.01,0.02485,6.0097,1140.0,5900
5860000,145.7,710,0.01,0.02413,6.0447,1126.2,5905
5870000,145.9,709,0.01,0.02432,6.085,1257.8,5913
5880000,146.1,710,0.01,0.02495,6.0626,1094.0,5921
5890000,146.4,710,0.01,0.02345,6.0249,1139.8,5929
5900000,146.6,705,0.01,0.02505,6.029,1004.0,5937
5910000,146.8,706,0.01,0.02476,6.0266,834.2,5947
5920000,147.1,700,0.01,0.02459,6.049,813.5,5956
5930000,147.3,703,0.01,0.02477,6.0793,842.2,5963
5940000,147.5,712,0.01,0.02449,6.0701,969.8,5968
5950000,147.8,703,0.01,0.02634,6.0706,1102.0,5979
5960000,148.0,707,0.01,0.02352,6.0856,1072.8,5985
5970000,148.2,707,0.01,0.02499,6.083,1042.8,5994
5980000,148.5,710,0.01,0.02484,6.1003,1100.8,5998
5990000,148.7,710,0.01,0.02438,6.1261,1117.8,6009
6000000,149.0,706,0.01,0.02464,6.1387,989.0,6016
6010000,149.7,235,0.01,0.02491,6.1159,945.5,6023
6020000,149.9,724,0.01,0.02518,6.1157,983.5,6031
6030000,150.1,724,0.01,0.02433,6.1612,1000.5,6039
6040000,150.4,721,0.01,0.02451,6.1718,1004.5,6047
6050000,150.6,716,0.01,0.02524,6.1847,974.8,6056
6060000,150.8,712,0.01,0.02424,6.1854,1067.2,6062
6070000,151.1,713,0.01,0.02333,6.1984,1140.2,6069
6080000,151.3,711,0.01,0.02475,6.1901,1018.2,6079
6090000,151.5,709,0.01,0.02488,6.1725,969.8,6086
6100000,151.8,712,0.01,0.02492,6.1539,1003.8,6093
6110000,152.0,708,0.01,0.02584,6.1215,1076.2,6101
6120000,152.2,686,0.01,0.02644,6.1249,1007.5,6110
6130000,152.5,686,0.01,0.02559,6.1453,945.2,6119
6140000,152.7,719,0.01,0.02454,6.1489,1028.2,6124
6150000,152.9,716,0.01,0.0272,6.1632,1077.8,6133
6160000,153.2,717,0.01,0.02582,6.1478,1091.5,6137
6170000,153.4,709,0.01,0.02518,6.1062,1087.8,6146
6180000,153.6,717,0.01,0.02524,6.1289,1059.5,6152
6190000,153.9,715,0.01,0.02502,6.1127,1087.0,6160
6200000,154.1,714,0.01,0.02588,6.0951,1091.2,6167
6210000,154.3,714,0.01,0.02419,6.0782,1189.2,6173
6220000,154.6,709,0.01,0.02496,6.0864,1221.0,6179
6230000,154.8,709,0.01,0.02609,6.099,1253.0,6188
6240000,155.1,710,0.01,0.02493,6.1124,1049.0,6196
6250000,155.3,710,0.01,0.02495,6.1227,965.0,6203
6260000,156.1,214,0.01,0.02542,6.1206,1009.5,6208
6270000,156.3,733,0.01,0.02544,6.1175,1168.5,6213
6280000,156.5,733,0.01,0.02471,6.1225,1282.0,6221
6290000,156.7,735,0.01,0.0248,6.1193,1249.5,6227
6300000,157.0,727,0.01,0.02568,6.1046,1052.8,6237
6310000,157.2,725,0.01,0.02464,6.1014,1083.8,6243
6320000,157.4,710,0.01,0.02383,6.0815,1052.5,6252
6330000,157.7,723,0.01,0.02475,6.1049,1114.2,6259
6340000,157.9,726,0.01,0.02447,6.107,1095.0,6266
6350000,158.1,719,0.01,0.02472,6.1003,1162.8,6271
6360000,158.4,720,0.01,0.02422,6.0808,1124.2,6279
6370000,158.6,718,0.01,0.02478,6.0808,1067.5,6287
6380000,158.8,709,0.01,0.02444,6.0849,1143.0,6292
6390000,159.1,723,0.01,0.02633,6.0556,1245.5,6299
6400000,159.3,719,0.01,0.02564,6.0272,1278.5,6306
6410000,159.5,715,0.01,0.02406,6.009,1079.8,6314
6420000,159.8,714,0.01,0.02273,6.0201,978.2,6324
6430000,160.0,713,0.01,0.0237,6.0277,1000.2,6330
6440000,160.2,718,0.01,0.02422,6.0271,1033.2,6338
6450000,160.5,718,0.01,0.02366,6.031,1117.2,6344
6460000,160.7,714,0.01,0.02381,6.0377,1179.2,6351
6470000,160.9,712,0.01,0.02503,6.0333,1209.8,6356
6480000,161.2,713,0.01,0.02515,6.0617,1279.2,6364
6490000,161.4,713,0.01,0.0245,6.0845,1148.2,6372
6500000,161.6,716,0.01,0.02458,6.0553,991.2,6378
6510000,162.4,212,0.01,0.02524,6.0314,1169.0,6385
6520000,162.6,730,0.01,0.02456,6.0008,1290.0,6391
6530000,162.9,736,0.01,0.02428,6.0184,1299.0,6398
6540000,163.1,728,0.01,0.024,6.0127,1133.2,6404
6550000,163.3,729,0.01,0.02424,6.0302,1146.5,6412
6560000,163.6,723,0.01,0.02536,6.0228,1243.8,6418
6570000,163.8,723,0.01,0.0241,6.045,1189.8,6425
6580000,164.0,723,0.01,0.02349,6.0115,1230.2,6428
6590000,164.2,717,0.01,0.02412,6.0555,1247.2,6437
6600000,164.5,719,0.01,0.02413,6.0548,1329.2,6445
6610000,164.7,720,0.01,0.02445,6.0477,1160.0,6451
6620000,164.9,714,0.01,0.02374,6.0704,1107.2,6458
6630000,165.2,717,0.01,0.02371,6.0674,1110.5,6463
6640000,165.4,717,0.01,0.02436,6.0872,1213.2,6473
6650000,165.6,718,0.01,0.02467,6.0968,1225.2,6478
6660000,165.9,719,0.01,0.0244,6.1103,1181.5,6484
6670000,166.1,717,0.01,0.02489,6.1072,1236.0,6493
6680000,166.3,712,0.01,0.02425,6.0985,1243.5,6499
6690000,166.6,715,0.01,0.02271,6.0921,1131.2,6505
6700000,166.8,713,0.01,0.02383,6.0877,1045.2,6514
6710000,167.0,716,0.01,0.02432,6.0619,1098.8,6521
6720000,167.3,703,0.01,0.02425,6.0984,1156.2,6528
6730000,167.5,719,0.01,0.024,6.0898,1036.2,6535
6740000,167.7,715,0.01,0.02434,6.0772,1027.8,6542
6750000,168.0,714,0.01,0.02498,6.0859,1007.0,6550
6760000,168.7,235,0.01,0.02483,6.0731,1025.8,6558
6770000,168.9,732,0.01,0.02569,6.0605,1069.2,6566
6780000,169.1,725,0.01,0.02451,6.0821,1113.0,6573
6790000,169.4,725,0.01,0.0243,6.079,1075.2,6581
6800000,169.6,728,0.01,0.02502,6.0677,1100.8,6588
6810000,169.8,715,0.01,0.02415,6.091,1163.5,6595
6820000,170.1,716,0.01,0.02504,6.1008,1039.5,6603
6830000,170.3,718,0.01,0.02446,6.0966,1146.0,6608
6840000,170.5,720,0.01,0.02646,6.0751,1107.2,6614
6850000,170.8,724,0.01,0.02589,6.0478,1209.0,6618
6860000,171.0,712,0.01,0.02513,6.0477,1288.8,6628
6870000,171.2,712,0.01,0.02543,6.0327,1321.0,6634
6880000,171.5,717,0.01,0.02494,6.0631,1199.8,6642
6890000,171.7,716,0.01,0.02504,6.0589,1241.2,6648
6900000,171.9,715,0.01,0.02518,6.0324,1198.8,6655
6910000,172.2,706,0.01,0.02457,6.0342,1153.8,6663
6920000,172.4,711,0.01,0.02523,6.0521,1092.8,6669
6930000,172.6,696,0.01,0.02453,6.0313,1209.2,6674
6940000,172.9,708,0.01,0.02492,6.0386,1192.8,6682
6950000,173.1,715,0.01,0.02489,6.0072,1278.0,6688
6960000,173.3,700,0.01,0.02453,5.9885,1285.5,6693
6970000,173.6,675,0.01,0.02442,5.9978,1300.8,6700
6980000,173.9,639,0.01,0.02447,5.972,1239.8,6709
6990000,174.2,488,0.01,0.0247,5.9924,1151.2,6717
7000000,174.5,611,0.01,0.02583,5.9847,1184.8,6723
7010000,175.4,179,0.01,0.02414,5.9811,1186.5,6730
7020000,175.6,677,0.01,0.02467,5.9918,1131.8,6737
7030000,175.9,657,0.01,0.02392,6.0048,1175.5,6745
7040000,176.1,671,0.01,0.02508,6.0024,1043.2,6752
7050000,176.4,658,0.01,0.02329,6.0139,1133.2,6759
7060000,176.6,668,0.01,0.02298,6.0193,1148.2,6762
7070000,176.9,639,0.01,0.02467,6.0286,1333.0,6769
7080000,177.2,658,0.01,0.02365,5.9997,1437.5,6774
7090000,177.4,643,0.01,0.02497,5.9925,1441.0,6783
7100000,177.7,663,0.01,0.02339,5.9727,1262.8,6790
7110000,177.9,647,0.01,0.02355,5.9758,1311.0,6796
7120000,178.2,657,0.01,0.02413,5.9923,1350.8,6801
7130000,178.4,644,0.01,0.02496,5.9746,1239.5,6811
7140000,178.7,658,0.01,0.02299,5.9893,1055.2,6819
7150000,179.0,647,0.01,0.02405,5.9926,1013.0,6823
7160000,179.2,650,0.01,0.02412,5.9657,1096.0,6832
7170000,179.5,656,0.01,0.02463,5.9749,1009.8,6841
7180000,179.7,652,0.01,0.02429,5.9626,892.5,6850
7190000,180.0,658,0.01,0.02524,5.97,873.0,6857
7200000,180.2,668,0.01,0.02399,5.9753,998.0,6866
7210000,180.5,716,0.01,0.02523,5.9867,1096.0,6871
7220000,180.7,716,0.01,0.02541,6.0173,1252.8,6878
7230000,180.9,710,0.01,0.02552,6.0398,1219.5,6885
7240000,181.2,706,0.01,0.02484,6.0578,924.8,6897
7250000,181.4,698,0.01,0.02456,6.0519,985.5,6903
7260000,182.2,211,0.01,0.02572,6.0614,1111.2,6909
7270000,182.4,695,0.01,0.02644,5.9996,1148.2,6915
7280000,182.7,709,0.01,0.02506,6.0152,1178.8,6924
7290000,182.9,725,0.01,0.02383,6.0131,1103.2,6929
7300000,183.1,725,0.01,0.02461,6.0342,1241.5,6936
7310000,183.4,720,0.01,0.02425,6.0391,1204.2,6944
7320000,183.6,715,0.01,0.02496,6.016,1019.2,6953
7330000,183.8,718,0.01,0.02483,6.0205,848.2,6958
7340000,184.1,709,0.01,0.02427,6.0386,994.8,6965
7350000,184.3,709,0.01,0.0257,6.0689,1166.8,6974
7360000,184.5,713,0.01,0.02578,6.1015,1217.8,6980
7370000,184.8,714,0.01,0.02622,6.0919,1059.2,6987
7380000,185.0,711,0.01,0.0263,6.0518,1097.2,6992
7390000,185.2,719,0.01,0.02584,6.0558,1232.8,7001
7400000,185.5,715,0.01,0.02499,6.0463,1292.0,7006
7410000,185.7,715,0.01,0.02503,6.0646,1298.8,7009
7420000,185.9,708,0.01,0.02479,6.1,1195.8,7019
7430000,186.2,708,0.01,0.02533,6.1067,1242.2,7023
7440000,186.4,709,0.01,0.02614,6.0993,1314.0,7029
7450000,186.6,712,0.01,0.02537,6.0834,1375.2,7037
7460000,186.9,706,0.01,0.02637,6.0581,1336.8,7045
7470000,187.1,707,0.01,0.02718,6.054,1269.2,7049
7480000,187.3,708,0.01,0.02616,6.0532,1246.8,7055
7490000,187.6,694,0.01,0.02518,6.0602,1422.5,7061
7500000,187.8,700,0.01,0.02599,6.0469,1529.8,7068
7510000,188.6,203,0.01,0.02497,6.0314,1505.0,7072
7520000,188.9,720,0.01,0.0247,6.0493,1436.0,7081
7530000,189.1,714,0.01,0.02608,6.0546,1258.5,7088
7540000,189.3,712,0.01,0.02488,6.0517,1190.8,7095
7550000,189.6,720,0.01,0.02424,6.0827,1053.0,7100
7560000,189.8,713,0.01,0.02527,6.1269,1216.0,7106
7570000,190.0,708,0.01,0.02582,6.1381,1191.0,7115
7580000,190.3,705,0.01,0.02654,6.1415,1334.8,7120
7590000,190.5,707,0.01,0.02661,6.1074,1341.8,7127
7600000,190.7,705,0.01,0.02567,6.0899,1230.0,7136
7610000,191.0,702,0.01,0.02555,6.1002,1005.5,7145
7620000,191.2,698,0.01,0.02553,6.1035,1039.5,7151
7630000,191.5,704,0.01,0.0258,6.0773,1215.5,7156
7640000,191.7,704,0.01,0.02617,6.0527,1210.5,7163
7650000,191.9,697,0.01,0.02695,6.0542,1283.2,7169
7660000,192.2,697,0.01,0.02504,6.091,1143.0,7175
7670000,192.4,695,0.01,0.02703,6.111,1263.0,7180
7680000,192.7,701,0.01,0.02466,6.1504,1381.0,7186
7690000,192.9,703,0.01,0.0259,6.1366,1419.8,7193
7700000,193.1,698,0.01,0.02456,6.1204,1376.2,7201
7710000,193.4,706,0.01,0.02497,6.1018,1185.8,7208
7720000,193.6,700,0.01,0.02458,6.0799,1189.5,7214
7730000,193.8,701,0.01,0.02514,6.0485,1149.0,7220
7740000,194.1,694,0.01,0.02511,6.0499,1216.8,7225
7750000,194.3,697,0.01,0.02518,6.0398,1340.2,7232
7760000,195.1,205,0.01,0.02497,6.0397,1484.5,7240
7770000,195.4,730,0.01,0.02489,6.0512,1369.5,7247
7780000,195.6,718,0.01,0.02516,6.0668,1346.0,7250
7790000,195.8,708,0.01,0.02513,6.1137,1311.0,7258
7800000,196.1,713,0.01,0.02582,6.12,1271.5,7264
7810000,196.3,704,0.01,0.02325,6.1155,1279.5,7270
7820000,196.5,705,0.01,0.02509,6.1153,1285.5,7277
7830000,196.8,709,0.01,0.02424,6.1204,1267.2,7285
7840000,197.0,706,0.01,0.02468,6.1058,1106.0,7294
7850000,197.2,699,0.01,0.02414,6.0991,1071.8,7300
7860000,197.5,708,0.01,0.02443,6.0839,1042.5,7305
7870000,197.7,694,0.01,0.02543,6.1025,1211.5,7315
7880000,198.0,703,0.01,0.02464,6.1003,1193.0,7319
7890000,198.2,700,0.01,0.02514,6.0671,1325.8,7326
7900000,198.4,699,0.01,0.02516,6.0848,1226.2,7334
7910000,198.7,693,0.01,0.02466,6.089,1160.8,7342
7920000,198.9,705,0.01,0.02415,6.0786,1101.2,7347
7930000,199.2,696,0.01,0.0262,6.064,1253.2,7352
7940000,199.4,701,0.01,0.02491,6.1025,1327.0,7359
7950000,199.6,699,0.01,0.02702,6.1231,1317.2,7366
7960000,199.9,705,0.01,0.02506,6.1522,1337.2,7370
7970000,200.1,688,0.01,0.02496,6.1708,1335.2,7377
7980000,200.3,691,0.01,0.02529,6.2004,1367.0,7384
7990000,200.6,688,0.01,0.02521,6.2226,1322.8,7392
8000000,200.8,700,0.01,0.02576,6.2399,1225.5,7397
8010000,201.6,219,0.01,0.02805,6.238,1382.0,7404
8020000,201.8,722,0.01,0.02639,6.2788,1327.2,7413
8030000,202.1,704,0.01,0.0267,6.2687,1231.8,7419
8040000,202.3,710,0.01,0.02581,6.281,1185.0,7424
8050000,202.5,717,0.01,0.02703,6.2879,1210.8,7430
8060000,202.8,682,0.01,0.02625,6.3133,1346.0,7437
8070000,203.0,703,0.01,0.02616,6.2968,1204.8,7448
8080000,203.2,699,0.01,0.02638,6.3131,999.0,7455
8090000,203.5,708,0.01,0.02687,6.3101,912.2,7459
8100000,203.7,701,0.01,0.02663,6.3057,1200.0,7466
8110000,204.0,705,0.01,0.02759,6.2973,1315.5,7472
8120000,204.2,698,0.01,0.02666,6.2893,1299.5,7479
8130000,204.4,693,0.01,0.02738,6.2993,1228.8,7485
8140000,204.7,699,0.01,0.02669,6.3,1219.8,7492
8150000,204.9,710,0.01,0.02604,6.3209,1131.8,7500
8160000,205.1,704,0.01,0.02775,6.3013,1106.5,7505
8170000,205.4,702,0.01,0.02711,6.2846,1207.8,7511
8180000,205.6,703,0.01,0.02671,6.3055,1311.0,7517
8190000,205.9,703,0.01,0.027,6.3058,1403.5,7524
8200000,206.1,702,0.01,0.02638,6.2703,1284.5,7531
8210000,206.3,705,0.01,0.02632,6.2959,1322.5,7537
8220000,206.6,706,0.01,0.02741,6.3286,1263.5,7545
8230000,206.8,701,0.01,0.02686,6.3035,1240.2,7549
8240000,207.0,703,0.01,0.02671,6.3189,1319.2,7555
8250000,207.3,696,0.01,0.02713,6.3259,1404.5,7562
8260000,208.1,206,0.01,0.0264,6.3175,1451.5,7567
8270000,208.3,721,0.01,0.028,6.2976,1444.0,7574
8280000,208.5,725,0.01,0.02742,6.2924,1360.2,7580
8290000,208.8,725,0.01,0.02639,6.2748,1325.5,7585
8300000,209.0,720,0.01,0.02627,6.244,1429.8,7592
8310000,209.2,719,0.01,0.02735,6.2583,1405.0,7596
8320000,209.5,712,0.01,0.02707,6.2535,1537.2,7602
8330000,209.7,696,0.01,0.02625,6.2411,1486.0,7610
8340000,210.0,712,0.01,0.02648,6.2282,1310.5,7614
8350000,210.2,708,0.01,0.02593,6.2299,1161.2,7623
8360000,210.4,714,0.01,0.02649,6.1914,1204.8,7626
8370000,210.7,710,0.01,0.02572,6.1867,1464.8,7634
8380000,210.9,704,0.01,0.02587,6.2027,1494.5,7640
8390000,211.1,709,0.01,0.02565,6.2131,1447.0,7647
8400000,211.4,705,0.01,0.02562,6.2494,1358.8,7652
8410000,211.6,707,0.01,0.02714,6.272,1363.5,7659
8420000,211.8,705,0.01,0.02615,6.2758,1438.8,7665
8430000,212.1,703,0.01,0.02603,6.263,1301.0,7673
8440000,212.3,710,0.01,0.02704,6.2144,1221.2,7678
8450000,212.6,658,0.01,0.02748,6.2139,1339.8,7684
8460000,212.8,701,0.01,0.02522,6.2093,1270.0,7692
8470000,213.0,708,0.01,0.0267,6.2374,1311.2,7698
8480000,213.3,711,0.01,0.02694,6.2376,1165.8,7705
8490000,213.5,710,0.01,0.0251,6.2445,1173.0,7711
8500000,213.7,689,0.01,0.02554,6.2515,1246.5,7714
8510000,214.6,190,0.01,0.02691,6.2385,1295.2,7723
8520000,214.8,723,0.01,0.02518,6.2515,1261.8,7731
8530000,215.1,727,0.01,0.02532,6.2458,1109.8,7739
8540000,215.3,726,0.01,0.02554,6.2231,1117.0,7745
8550000,215.5,725,0.01,0.02505,6.2111,1143.5,7752
8560000,215.8,711,0.01,0.02614,6.2253,1151.2,7759
8570000,216.0,715,0.01,0.02445,6.249,1227.8,7764
8580000,216.2,716,0.01,0.02605,6.2501,1404.0,7769
8590000,216.5,691,0.01,0.02579,6.2281,1212.0,7777
8600000,216.7,663,0.01,0.02603,6.2278,1470.5,7782
8610000,217.0,670,0.01,0.02392,6.2138,1373.5,7789
8620000,217.2,708,0.01,0.02371,6.219,1388.2,7795
8630000,217.5,707,0.01,0.02453,6.2057,1426.0,7801
8640000,217.7,711,0.01,0.02515,6.2403,1472.8,7807
8650000,217.9,691,0.01,0.02459,6.2574,1485.0,7814
8660000,218.2,713,0.01,0.02574,6.3046,1409.8,7820
8670000,218.4,713,0.01,0.02394,6.3146,1299.0,7825
8680000,218.6,699,0.01,0.02681,6.3502,1410.2,7833
8690000,218.9,696,0.01,0.02618,6.3661,1325.2,7838
8700000,219.1,709,0.01,0.02497,6.4034,1405.0,7844
8710000,219.3,709,0.01,0.02615,6.3912,1251.0,7854
8720000,219.6,703,0.01,0.02618,6.3769,1178.2,7860
8730000,219.8,706,0.01,0.02562,6.3507,1037.2,7867
8740000,220.0,710,0.01,0.02503,6.3772,1233.2,7873
8750000,220.3,709,0.01,0.02563,6.405,1164.8,7882
8760000,221.1,194,0.01,0.02561,6.3794,1267.2,7887
8770000,221.4,722,0.01,0.02489,6.3934,1210.2,7893
8780000,221.6,728,0.01,0.02565,6.4003,1319.0,7898
8790000,221.8,714,0.01,0.02347,6.3798,1377.0,7905
8800000,222.1,710,0.01,0.02494,6.3507,1283.0,7912
8810000,222.3,713,0.01,0.02452,6.3484,1295.0,7916
8820000,222.5,710,0.01,0.02498,6.3665,1344.0,7921
8830000,222.8,715,0.01,0.02575,6.3799,1519.0,7927
8840000,223.0,711,0.01,0.02549,6.3881,1532.5,7934
8850000,223.2,717,0.01,0.02601,6.4131,1415.5,7940
8860000,223.5,707,0.01,0.02471,6.4044,1260.5,7946
8870000,223.7,708,0.01,0.02633,6.404,1280.2,7950
8880000,223.9,707,0.01,0.02687,6.389,1462.8,7957
8890000,224.2,709,0.01,0.0258,6.3788,1454.5,7963
8900000,224.4,705,0.01,0.02634,6.3654,1537.8,7969
8910000,224.7,714,0.01,0.02596,6.3153,1393.5,7974
8920000,224.9,704,0.01,0.02582,6.2742,1442.8,7981
8930000,225.1,711,0.01,0.02598,6.2913,1284.5,7989
8940000,225.4,705,0.01,0.02422,6.2664,1283.2,7995
8950000,225.6,704,0.01,0.02573,6.2591,1220.8,8001
8960000,225.8,703,0.01,0.0254,6.2912,1350.8,8006
8970000,226.1,707,0.01,0.02578,6.3147,1389.8,8014
8980000,226.3,701,0.01,0.02481,6.3024,1468.5,8020
8990000,226.5,700,0.01,0.02574,6.2496,1267.2,8027
9000000,226.8,706,0.01,0.02542,6.2442,1318.0,8034
9010000,227.6,201,0.01,0.02486,6.2518,1252.8,8039
9020000,227.8,728,0.01,0.0253,6.2262,1466.2,8045
9030000,228.1,724,0.01,0.02604,6.2148,1483.0,8050
9040000,228.3,721,0.01,0.02485,6.2202,1439.2,8057
9050000,228.5,714,0.01,0.02481,6.2217,1383.8,8063
9060000,228.8,714,0.01,0.02518,6.2359,1247.8,8072
9070000,229.0,712,0.01,0.0251,6.2388,1227.8,8078
9080000,229.2,716,0.01,0.02503,6.2505,1207.2,8083
9090000,229.5,714,0.01,0.02373,6.2464,1319.0,8091
9100000,229.7,707,0.01,0.02436,6.2037,1298.8,8098
9110000,229.9,701,0.01,0.02421,6.1881,1264.5,8102
9120000,230.2,706,0.01,0.02334,6.1777,1203.5,8110
9130000,230.4,708,0.01,0.02583,6.1534,1292.0,8115
9140000,230.6,706,0.01,0.02417,6.1442,1419.5,8122
9150000,230.9,711,0.01,0.02569,6.1561,1330.8,8129
9160000,231.1,707,0.01,0.02381,6.1607,1300.0,8135
9170000,231.4,703,0.01,0.02447,6.1951,1186.0,8141
9180000,231.6,702,0.01,0.02462,6.1978,1259.8,8148
9190000,231.8,707,0.01,0.02421,6.1606,1203.2,8155
9200000,232.1,699,0.01,0.02572,6.1423,1249.5,8163
9210000,232.3,705,0.01,0.02464,6.1596,1188.5,8168
9220000,232.5,701,0.01,0.02467,6.174,1172.8,8174
9230000,232.8,706,0.01,0.02561,6.1712,1344.5,8179
9240000,233.0,682,0.01,0.02387,6.1704,1563.2,8186
9250000,233.3,712,0.01,0.02454,6.1678,1560.8,8189
9260000,234.2,178,0.01,0.02431,6.1804,1702.5,8194
9270000,234.4,718,0.01,0.02381,6.1435,1450.0,8203
9280000,234.7,716,0.01,0.02398,6.145,1262.2,8210
9290000,234.9,722,0.01,0.02299,6.1662,1148.5,8218
9300000,235.1,715,0.01,0.02475,6.1706,1130.8,8224
9310000,235.4,717,0.01,0.02413,6.1991,1337.8,8229
9320000,235.6,712,0.01,0.02498,6.1806,1371.8,8235
9330000,235.8,713,0.01,0.02415,6.1797,1389.0,8242
9340000,236.1,704,0.01,0.02492,6.1825,1363.5,8249
9350000,236.3,708,0.01,0.02473,6.2057,1323.8,8254
9360000,236.5,709,0.01,0.02482,6.2044,1344.0,8260
9370000,236.8,711,0.01,0.0244,6.2067,1399.8,8265
9380000,237.0,691,0.01,0.02368,6.1972,1421.0,8268
9390000,237.2,699,0.01,0.02441,6.2536,1558.2,8275
9400000,237.5,711,0.01,0.02518,6.2547,1555.0,8283
9410000,237.7,698,0.01,0.02401,6.268,1466.0,8288
9420000,238.0,707,0.01,0.02494,6.2599,1369.2,8293
9430000,238.2,706,0.01,0.02523,6.2391,1473.0,8298
9440000,238.4,711,0.01,0.02488,6.2261,1520.8,8305
9450000,238.7,704,0.01,0.02348,6.2398,1624.8,8311
9460000,238.9,708,0.01,0.02546,6.2505,1349.5,8316
9470000,239.1,692,0.01,0.02435,6.2087,1385.8,8324
9480000,239.4,712,0.01,0.02479,6.1621,1100.0,8332
9490000,239.6,700,0.01,0.02442,6.1828,1005.5,8338
9500000,239.8,706,0.01,0.02451,6.1492,1081.0,8346
9510000,240.7,206,0.01,0.02494,6.1538,1123.0,8355
9520000,240.9,723,0.01,0.0244,6.1414,1238.0,8360
9530000,241.1,714,0.01,0.0244,6.1286,1073.8,8367
9540000,241.3,725,0.01,0.02504,6.1512,1175.0,8371
9550000,241.6,713,0.01,0.02436,6.1196,1193.5,8381
9560000,241.8,712,0.01,0.02622,6.1343,1202.0,8385
9570000,242.0,716,0.01,0.0248,6.1436,1288.0,8392
9580000,242.3,710,0.01,0.02315,6.1459,1360.5,8398
9590000,242.5,679,0.01,0.02393,6.1598,1401.8,8406
9600000,242.8,681,0.01,0.02478,6.1658,1373.0,8411
9610000,243.0,709,0.01,0.02533,6.1541,1371.5,8417
9620000,243.2,710,0.01,0.02538,6.1402,1289.0,8420
9630000,243.5,714,0.01,0.02384,6.1205,1547.2,8427
9640000,243.7,699,0.01,0.02443,6.1238,1534.8,8434
9650000,243.9,708,0.01,0.02399,6.1176,1458.0,8438
9660000,244.2,703,0.01,0.02478,6.0881,1346.0,8445
9670000,244.4,705,0.01,0.02423,6.0672,1192.2,8455
9680000,244.7,701,0.01,0.02528,6.0666,1150.0,8460
9690000,244.9,702,0.01,0.02495,6.0775,1061.8,8468
9700000,245.1,704,0.01,0.02557,6.0861,1213.5,8474
9710000,245.4,707,0.01,0.02566,6.1004,1216.2,8481
9720000,245.6,702,0.01,0.02677,6.0892,1274.8,8488
9730000,245.8,704,0.01,0.02732,6.0912,1132.2,8495
9740000,246.1,703,0.01,0.02584,6.0477,1157.0,8503
9750000,246.3,697,0.01,0.02762,6.0516,1123.0,8510
9760000,247.1,221,0.01,0.02585,6.0261,1251.2,8514
9770000,247.3,719,0.01,0.02556,6.0255,1228.8,8523
9780000,247.5,727,0.01,0.02443,6.0118,1233.8,8530
9790000,247.8,713,0.01,0.02594,6.0045,1052.2,8539
9800000,248.0,693,0.01,0.0261,6.0055,1090.8,8545
9810000,248.2,712,0.01,0.025,6.0058,1008.5,8552
9820000,248.5,713,0.01,0.0241,6.0356,1057.2,8557
9830000,248.7,703,0.01,0.02499,6.0577,1118.0,8563
9840000,248.9,711,0.01,0.02498,6.0617,1326.2,8570
9850000,249.2,706,0.01,0.02578,6.0488,1381.0,8575
9860000,249.4,708,0.01,0.02676,6.0679,1479.2,8580
9870000,249.7,707,0.01,0.02621,6.0545,1466.5,8587
9880000,249.9,705,0.01,0.02584,6.0471,1440.5,8592
9890000,250.1,702,0.01,0.0252,6.0254,1458.5,8600
9900000,250.4,704,0.01,0.02672,6.0491,1329.8,8606
9910000,250.6,707,0.01,0.02568,6.025,1359.8,8611
9920000,250.8,701,0.01,0.02754,5.9799,1256.0,8620
9930000,251.1,708,0.01,0.02514,5.9778,1208.0,8625
9940000,251.3,704,0.01,0.02536,5.9586,1226.5,8632
9950000,251.6,704,0.01,0.02459,5.977,1115.8,8638
9960000,251.8,699,0.01,0.02666,5.9964,1171.0,8648
9970000,252.0,699,0.01,0.02531,6.0253,1150.8,8655
9980000,252.3,696,0.01,0.02473,6.0401,1148.5,8661
9990000,252.5,705,0.01,0.02557,6.05,1145.0,8668
10000000,252.7,698,0.01,0.02446,6.0437,1163.8,8672
